{"cameraMode":{"drawMode":0,"name":"Shaded","section":"Shading Mode"},"sceneLighting":true,"audioPlay":false,"sceneViewState":{"m_AlwaysRefresh":false,"showFog":true,"showSkybox":true,"showFlares":true,"showImageEffects":true,"showParticleSystems":true,"showVisualEffectGraphs":true,"m_FxEnabled":true},"in2DMode":false,"pivot":{"x":1.5567535161972047,"y":4.465121746063232,"z":-11.585071563720704},"rotation":{"x":-0.1608184427022934,"y":0.07660268247127533,"z":-0.012517096474766732,"w":-0.983947217464447},"size":3.2996737957000734,"orthographic":true}